[
    {
        "time": 1,
        "x": 0.0,
        "y": 0.0,
        "yaw": 0.0
    },
    {
        "time": 2,
        "x": -3.2076,
        "y": 0.0755,
        "yaw": -87.49
    },
    {
        "time": 3,
        "x": -5.7074,
        "y": 0.1484,
        "yaw": -92.65
    },
    {
        "time": 4,
        "x": -4.953,
        "y": 1.3106,
        "yaw": 144.04
    },
    {
        "time": 5,
        "x": -4.817,
        "y": 2.8094,
        "yaw": 132.58
    },
    {
        "time": 6,
        "x": -3.16,
        "y": 3.1058,
        "yaw": -11.34
    },
    {
        "time": 7,
        "x": -2.366,
        "y": 0.9327,
        "yaw": -28.07
    },
    {
        "time": 8,
        "x": -1.118,
        "y": 2.1373,
        "yaw": 22.98
    },
    {
        "time": 9,
        "x": -0.436,
        "y": 2.8818,
        "yaw": 38.85
    },
    {
        "time": 10,
        "x": 0.0,
        "y": 3.6,
        "yaw": 57.3
    },
    {
        "time": 11,
        "x": 0.5,
        "y": 4.4,
        "yaw": 68.75
    },
    {
        "time": 12,
        "x": 1.2,
        "y": 5.1,
        "yaw": 85.94
    },
    {
        "time": 13,
        "x": 2.0,
        "y": 5.8,
        "yaw": 103.13
    },
    {
        "time": 14,
        "x": 3.0,
        "y": 6.3,
        "yaw": 120.32
    },
    {
        "time": 15,
        "x": 4.2,
        "y": 6.8,
        "yaw": 137.51
    },
    {
        "time": 16,
        "x": 5.5,
        "y": 7.2,
        "yaw": 148.97
    },
    {
        "time": 17,
        "x": 6.8,
        "y": 7.5,
        "yaw": 166.16
    },
    {
        "time": 18,
        "x": 8.0,
        "y": 8.0,
        "yaw": 183.35
    },
    {
        "time": 19,
        "x": 9.3,
        "y": 8.5,
        "yaw": 194.81
    },
    {
        "time": 20,
        "x": 10.5,
        "y": 9.0,
        "yaw": 206.26
    }
]